.Ark,http://wiki.teamliquid.net/dota2/.Ark,-,http://www.dotabuff.com/esports/players/96189126
13abyKnight,http://wiki.teamliquid.net/dota2/13abyKnight,https://www.twitch.tv/babyknight,http://www.dotabuff.com/esports/players/42989814
1437,http://wiki.teamliquid.net/dota2/1437,https://www.twitch.tv/1437,http://www.dotabuff.com/esports/players/87196890
290,http://wiki.teamliquid.net/dota2/290,-,http://www.dotabuff.com/esports/players/117587043
2GD,http://wiki.teamliquid.net/dota2/2GD,https://www.twitch.tv/2gd,http://www.dotabuff.com/esports/players/35960687
33,http://wiki.teamliquid.net/dota2/33,https://www.twitch.tv/33dota,http://www.dotabuff.com/esports/players/86698277
343,http://wiki.teamliquid.net/dota2/343,https://www.twitch.tv/343Dota,http://www.dotabuff.com/esports/players/111034589
4DR,http://wiki.teamliquid.net/dota2/4DR,https://www.twitch.tv/adriano_dpm,http://www.dotabuff.com/esports/players/85937380
5400,http://wiki.teamliquid.net/dota2/5400,-,http://www.dotabuff.com/esports/players/112940846
747,http://wiki.teamliquid.net/dota2/747,https://www.twitch.tv/747dota,http://www.dotabuff.com/esports/players/115141430
7ckngMad,http://wiki.teamliquid.net/dota2/7ckngMad,https://www.twitch.tv/7ckngmad,http://www.dotabuff.com/esports/players/88271237
820,http://wiki.teamliquid.net/dota2/820,-,http://www.dotabuff.com/esports/players/109081055
86,http://wiki.teamliquid.net/dota2/86,-,http://www.dotabuff.com/esports/players/182439266
897,http://wiki.teamliquid.net/dota2/897,-,http://www.dotabuff.com/esports/players/139174891
9pasha,http://wiki.teamliquid.net/dota2/9pasha,https://www.twitch.tv/9pasha,http://www.dotabuff.com/esports/players/92423451
AabBAA,http://wiki.teamliquid.net/dota2/AabBAA,-,http://www.dotabuff.com/esports/players/91191651
Ab1ng,http://wiki.teamliquid.net/dota2/Ab1ng,-,http://www.dotabuff.com/esports/players/211531481
Abed,http://wiki.teamliquid.net/dota2/Abed,https://www.twitch.tv/abed_dota,http://www.dotabuff.com/esports/players/154715080
Accel,http://wiki.teamliquid.net/dota2/Accel,-,http://www.dotabuff.com/esports/players/99796146
Ace,http://wiki.teamliquid.net/dota2/Ace,https://www.twitch.tv/aceyouknow,http://www.dotabuff.com/esports/players/97590558
AdmiralBulldog,http://wiki.teamliquid.net/dota2/AdmiralBulldog,https://www.twitch.tv/admiralbulldog,http://www.dotabuff.com/esports/players/76482434
Admiration,http://wiki.teamliquid.net/dota2/Admiration,-,http://www.dotabuff.com/esports/players/89309416
Adong,http://wiki.teamliquid.net/dota2/Adong,-,http://www.dotabuff.com/esports/players/137273293
ADTR,http://wiki.teamliquid.net/dota2/ADTR,-,http://www.dotabuff.com/esports/players/86741304
Afoninje,http://wiki.teamliquid.net/dota2/Afoninje,-,http://www.dotabuff.com/esports/players/81852496
AfrOmoush,http://wiki.teamliquid.net/dota2/AfrOmoush,https://www.twitch.tv/afromoush,http://www.dotabuff.com/esports/players/92253768
AfterLife,http://wiki.teamliquid.net/dota2/AfterLife,-,http://www.dotabuff.com/esports/players/86785083
Agressif,http://wiki.teamliquid.net/dota2/Agressif,-,http://www.dotabuff.com/esports/players/130416036
Ahfu,http://wiki.teamliquid.net/dota2/Ahfu,-,http://www.dotabuff.com/esports/players/119576842
Ahjit,http://wiki.teamliquid.net/dota2/Ahjit,-,http://www.dotabuff.com/esports/players/126417273
Ainiyo,http://wiki.teamliquid.net/dota2/Ainiyo,-,http://www.dotabuff.com/esports/players/247607981
Air,http://wiki.teamliquid.net/dota2/Air,-,http://www.dotabuff.com/esports/players/113055496
Akke,http://wiki.teamliquid.net/dota2/Akke,https://www.twitch.tv/followakke,http://www.dotabuff.com/esports/players/41288955
Alex,http://wiki.teamliquid.net/dota2/Alex,-,http://www.dotabuff.com/esports/players/37105332
ALOHADANCE,http://wiki.teamliquid.net/dota2/ALOHADANCE,https://www.twitch.tv/ALOHADANCETV,http://www.dotabuff.com/esports/players/123051238
ALWAYSWANNAFLY,http://wiki.teamliquid.net/dota2/ALWAYSWANNAFLY,https://www.twitch.tv/empirealwayswannafly,http://www.dotabuff.com/esports/players/91064780
Ame,http://wiki.teamliquid.net/dota2/Ame,-,http://www.dotabuff.com/esports/players/177416702
Amoment,http://wiki.teamliquid.net/dota2/Amoment,-,http://www.dotabuff.com/esports/players/8363146
Ana,http://wiki.teamliquid.net/dota2/Ana,-,http://www.dotabuff.com/esports/players/311360822
AnneeDroid,http://wiki.teamliquid.net/dota2/AnneeDroid,https://www.twitch.tv/AnneeDroid,-
Another,http://wiki.teamliquid.net/dota2/Another,-,http://www.dotabuff.com/esports/players/166458146
Apemother,http://wiki.teamliquid.net/dota2/Apemother,https://www.twitch.tv/apemother,http://www.dotabuff.com/esports/players/43720230
Arise,http://wiki.teamliquid.net/dota2/Arise,https://www.twitch.tv/arise_3012,http://www.dotabuff.com/esports/players/96169991
Ariunbolor,http://wiki.teamliquid.net/dota2/Ariunbolor,-,http://www.dotabuff.com/esports/players/86992358
Armel,http://wiki.teamliquid.net/dota2/Armel,-,http://www.dotabuff.com/esports/players/164532005
ARS-ART,http://wiki.teamliquid.net/dota2/ARS-ART,https://www.twitch.tv/arsartone,http://www.dotabuff.com/esports/players/107644273
ArsZeeqq,http://wiki.teamliquid.net/dota2/ArsZeeqq,https://www.twitch.tv/arszeeqq,http://www.dotabuff.com/esports/players/100028335
Arteezy,http://wiki.teamliquid.net/dota2/Arteezy,https://www.twitch.tv/arteezy,http://www.dotabuff.com/esports/players/86745912
Artes,http://wiki.teamliquid.net/dota2/Artes,-,http://www.dotabuff.com/esports/players/104070670
Artstyle,http://wiki.teamliquid.net/dota2/Artstyle,https://www.twitch.tv/artstyle,http://www.dotabuff.com/esports/players/176184718
Attacker,http://wiki.teamliquid.net/dota2/Attacker,https://www.twitch.tv/attackerdota,http://www.dotabuff.com/esports/players/118305301
Atun,http://wiki.teamliquid.net/dota2/Atun,https://www.twitch.tv/atunxd,http://www.dotabuff.com/esports/players/91364275
Aui 2000,http://wiki.teamliquid.net/dota2/Aui_2000,https://www.twitch.tv/aui_2000,http://www.dotabuff.com/esports/players/40547474
AutumnWindz,http://wiki.teamliquid.net/dota2/AutumnWindz,-,-
Aville,http://wiki.teamliquid.net/dota2/Aville,-,http://www.dotabuff.com/esports/players/179773256
Awoke,http://wiki.teamliquid.net/dota2/Awoke,-,-
Ax.Mo,http://wiki.teamliquid.net/dota2/Ax.Mo,https://www.twitch.tv/axyennomodnui,http://www.dotabuff.com/esports/players/114559048
Axx,http://wiki.teamliquid.net/dota2/Axx,-,http://www.dotabuff.com/esports/players/140178149
Axypa,http://wiki.teamliquid.net/dota2/Axypa,https://www.twitch.tv/axypa,http://www.dotabuff.com/esports/players/136779842
Ayesee,http://wiki.teamliquid.net/dota2/Ayesee,https://www.twitch.tv/AyeseeTV,-
Ayo,http://wiki.teamliquid.net/dota2/Ayo,-,http://www.dotabuff.com/esports/players/110228930
B,http://wiki.teamliquid.net/dota2/B,-,http://www.dotabuff.com/esports/players/29904110
BafiK,http://wiki.teamliquid.net/dota2/BafiK,-,-
Baga,http://wiki.teamliquid.net/dota2/Baga,-,http://www.dotabuff.com/esports/players/86919603
Balsam,http://wiki.teamliquid.net/dota2/Balsam,-,http://www.dotabuff.com/esports/players/32410065
Banana,http://wiki.teamliquid.net/dota2/Banana,-,http://www.dotabuff.com/esports/players/89217927
BananaSlamJamma,http://wiki.teamliquid.net/dota2/BananaSlamJamma,https://www.twitch.tv/bananaslamjamma,http://www.dotabuff.com/esports/players/105178768
BaNhwa,http://wiki.teamliquid.net/dota2/BaNhwa,-,http://www.dotabuff.com/esports/players/100710185
Banned players,http://wiki.teamliquid.net/dota2/Banned_players,-,-
Barash,http://wiki.teamliquid.net/dota2/Barash,-,http://www.dotabuff.com/esports/players/178771086
Bardo,http://wiki.teamliquid.net/dota2/Bardo,-,http://www.dotabuff.com/esports/players/85008179
Basskip,http://wiki.teamliquid.net/dota2/Basskip,https://www.twitch.tv/basskip,-
BBC,http://wiki.teamliquid.net/dota2/BBC,-,-
Bdiz,http://wiki.teamliquid.net/dota2/Bdiz,https://www.twitch.tv/bdiz,http://www.dotabuff.com/esports/players/44463405
Beesa,http://wiki.teamliquid.net/dota2/Beesa,https://www.twitch.tv/realbeesa,http://www.dotabuff.com/esports/players/170532209
Ben,http://wiki.teamliquid.net/dota2/Ben,-,http://www.dotabuff.com/esports/players/108939324
Benhur,http://wiki.teamliquid.net/dota2/Benhur,-,http://www.dotabuff.com/esports/players/177085220
Benjaz,http://wiki.teamliquid.net/dota2/Benjaz,https://www.twitch.tv/benjisama12,http://www.dotabuff.com/esports/players/194521913
Bignum,http://wiki.teamliquid.net/dota2/Bignum,-,http://www.dotabuff.com/esports/players/90423751
Bimbo,http://wiki.teamliquid.net/dota2/Bimbo,-,http://www.dotabuff.com/esports/players/192914280
Biryu,http://wiki.teamliquid.net/dota2/Biryu,https://www.twitch.tv/d47biryu,http://www.dotabuff.com/esports/players/87423323
Biver,http://wiki.teamliquid.net/dota2/Biver,https://www.twitch.tv/furiousbiiver,http://www.dotabuff.com/esports/players/109512357
Bkid,http://wiki.teamliquid.net/dota2/Bkid,https://www.twitch.tv/bkids2,-
Black^,http://wiki.teamliquid.net/dota2/Black%5E,https://www.twitch.tv/blackdotatv,http://www.dotabuff.com/esports/players/21289303
Blaze,http://wiki.teamliquid.net/dota2/Blaze,-,-
Blazemon,http://wiki.teamliquid.net/dota2/Blazemon,https://www.twitch.tv/blazemon,http://www.dotabuff.com/esports/players/98092287
BLink,http://wiki.teamliquid.net/dota2/BLink,-,http://www.dotabuff.com/esports/players/101586543
Blitz,http://wiki.teamliquid.net/dota2/Blitz,https://www.twitch.tv/Blitzdota,http://www.dotabuff.com/esports/players/106781506
Bloody Nine,http://wiki.teamliquid.net/dota2/Bloody_Nine,https://www.twitch.tv/BloodyNine_,http://www.dotabuff.com/esports/players/59752811
Blowyourbrain,http://wiki.teamliquid.net/dota2/Blowyourbrain,https://www.twitch.tv/blowyourbrain1d,http://www.dotabuff.com/esports/players/87201671
BoBoKa,http://wiki.teamliquid.net/dota2/BoBoKa,-,http://www.dotabuff.com/esports/players/207829314
Bok,http://wiki.teamliquid.net/dota2/Bok,-,http://www.dotabuff.com/esports/players/113874152
BOne7,http://wiki.teamliquid.net/dota2/BOne7,https://www.twitch.tv/bone7,http://www.dotabuff.com/esports/players/88719902
Boombacs,http://wiki.teamliquid.net/dota2/Boombacs,-,http://www.dotabuff.com/esports/players/127077041
Boombell,http://wiki.teamliquid.net/dota2/Boombell,-,http://www.dotabuff.com/esports/players/101460882
Boris,http://wiki.teamliquid.net/dota2/Boris,https://www.twitch.tv/boris_dota,http://www.dotabuff.com/esports/players/94364925
Brax,http://wiki.teamliquid.net/dota2/Brax,https://www.twitch.tv/braxton911,http://www.dotabuff.com/esports/players/31818853
Bruno,http://wiki.teamliquid.net/dota2/Bruno,-,-
Bubu,http://wiki.teamliquid.net/dota2/Bubu,-,http://www.dotabuff.com/esports/players/117201231
BuLba,http://wiki.teamliquid.net/dota2/BuLba,https://www.twitch.tv/liquidbulba,http://www.dotabuff.com/esports/players/30237211
BungsellRotee,http://wiki.teamliquid.net/dota2/BungsellRotee,-,http://www.dotabuff.com/esports/players/100829013
BurNIng,http://wiki.teamliquid.net/dota2/BurNIng,-,http://www.dotabuff.com/esports/players/90892734
Buugi,http://wiki.teamliquid.net/dota2/Buugi,-,http://www.dotabuff.com/esports/players/24009418
BYB,http://wiki.teamliquid.net/dota2/BYB,-,http://www.dotabuff.com/esports/players/114980990
BzzIsPerfect,http://wiki.teamliquid.net/dota2/BzzIsPerfect,https://www.twitch.tv/bzzisperfect,http://www.dotabuff.com/esports/players/96196828
C4t,http://wiki.teamliquid.net/dota2/C4t,-,http://www.dotabuff.com/esports/players/37658157
Cak3z,http://wiki.teamliquid.net/dota2/Cak3z,-,-
CanceL^^,http://wiki.teamliquid.net/dota2/CanceL%5E%5E,https://www.twitch.tv/canceldota,http://www.dotabuff.com/esports/players/141690233
Capitalist,http://wiki.teamliquid.net/dota2/Capitalist,https://www.twitch.tv/dotacapitalist,http://www.dotabuff.com/esports/players/58380135
Carn,http://wiki.teamliquid.net/dota2/Carn,https://www.twitch.tv/carn_,-
Carrot,http://wiki.teamliquid.net/dota2/Carrot,-,http://www.dotabuff.com/esports/players/130027499
CartMaN,http://wiki.teamliquid.net/dota2/CartMaN,-,http://www.dotabuff.com/esports/players/122867857
CaspeRRR,http://wiki.teamliquid.net/dota2/CaspeRRR,https://www.twitch.tv/casperrrtv,http://www.dotabuff.com/esports/players/53482884
Cast,http://wiki.teamliquid.net/dota2/Cast,-,http://www.dotabuff.com/esports/players/91162296
CC&C,http://wiki.teamliquid.net/dota2/CC%26C,https://www.twitch.tv/CCnCDotA2,http://www.dotabuff.com/esports/players/221666230
CemaTheSlayeR,http://wiki.teamliquid.net/dota2/CemaTheSlayeR,-,http://www.dotabuff.com/esports/players/91460772
Chains,http://wiki.teamliquid.net/dota2/Chains,-,http://www.dotabuff.com/esports/players/61061435
Chalice,http://wiki.teamliquid.net/dota2/Chalice,-,http://www.dotabuff.com/esports/players/94738847
ChaoYue,http://wiki.teamliquid.net/dota2/ChaoYue,-,http://www.dotabuff.com/esports/players/129748056
Chappie,http://wiki.teamliquid.net/dota2/Chappie,-,http://www.dotabuff.com/esports/players/132739889
Chessie,http://wiki.teamliquid.net/dota2/Chessie,https://www.twitch.tv/Chessie,http://www.dotabuff.com/esports/players/172424257
Chibix,http://wiki.teamliquid.net/dota2/Chibix,-,http://www.dotabuff.com/esports/players/89654154
Chisbug,http://wiki.teamliquid.net/dota2/Chisbug,-,http://www.dotabuff.com/esports/players/90031225
Chrillee,http://wiki.teamliquid.net/dota2/Chrillee,-,http://www.dotabuff.com/esports/players/27738470
Chshrct,http://wiki.teamliquid.net/dota2/Chshrct,-,http://www.dotabuff.com/esports/players/86870856
ChuaN,http://wiki.teamliquid.net/dota2/ChuaN,https://www.twitch.tv/chuan_ig,http://www.dotabuff.com/esports/players/88553213
Chuvash,http://wiki.teamliquid.net/dota2/Chuvash,-,http://www.dotabuff.com/esports/players/117483894
Clairvoyance,http://wiki.teamliquid.net/dota2/Clairvoyance,-,http://www.dotabuff.com/esports/players/102119379
ComeWithMe,http://wiki.teamliquid.net/dota2/ComeWithMe,https://www.twitch.tv/ComeWithMe,http://www.dotabuff.com/esports/players/85375207
Conrad,http://wiki.teamliquid.net/dota2/Conrad,https://www.twitch.tv/conrad,-
Cookie bear,http://wiki.teamliquid.net/dota2/Cookie_bear,-,http://www.dotabuff.com/esports/players/92855627
Corey,http://wiki.teamliquid.net/dota2/Corey,https://www.twitch.tv/coreydota,http://www.dotabuff.com/esports/players/176902957
Costabile,http://wiki.teamliquid.net/dota2/Costabile,-,http://www.dotabuff.com/esports/players/86822085
Cr1t-,http://wiki.teamliquid.net/dota2/Cr1t-,https://www.twitch.tv/cr1tdota,http://www.dotabuff.com/esports/players/25907144
CraNich,http://wiki.teamliquid.net/dota2/CraNich,-,http://www.dotabuff.com/esports/players/7932121
Crazy,http://wiki.teamliquid.net/dota2/Crazy,-,http://www.dotabuff.com/esports/players/86840554
Crio J,http://wiki.teamliquid.net/dota2/Crio_J,-,http://www.dotabuff.com/esports/players/99845008
Crystallize,http://wiki.teamliquid.net/dota2/Crystallize,-,http://www.dotabuff.com/esports/players/114619230
Cty,http://wiki.teamliquid.net/dota2/Cty,-,http://www.dotabuff.com/esports/players/108376607
Cyborgmatt,http://wiki.teamliquid.net/dota2/Cyborgmatt,https://www.twitch.tv/cyborgmatt,-
CyNiCaL,http://wiki.teamliquid.net/dota2/CyNiCaL,-,http://www.dotabuff.com/esports/players/86767849
Cys,http://wiki.teamliquid.net/dota2/Cys,-,http://www.dotabuff.com/esports/players/88153289
CYso,http://wiki.teamliquid.net/dota2/CYso,-,-
Dabeliuteef,http://wiki.teamliquid.net/dota2/Dabeliuteef,-,http://www.dotabuff.com/esports/players/80576254
DancingDragon,http://wiki.teamliquid.net/dota2/DancingDragon,-,http://www.dotabuff.com/esports/players/49424504
Dark,http://wiki.teamliquid.net/dota2/Dark,-,http://www.dotabuff.com/esports/players/397462905
DD,http://wiki.teamliquid.net/dota2/DD,-,http://www.dotabuff.com/esports/players/89371588
Ddc,http://wiki.teamliquid.net/dota2/Ddc,-,http://www.dotabuff.com/esports/players/114239371
DDR,http://wiki.teamliquid.net/dota2/DDR,-,http://www.dotabuff.com/esports/players/133084797
DDX-,http://wiki.teamliquid.net/dota2/DDX-,https://www.twitch.tv/10ddx,http://www.dotabuff.com/esports/players/86750050
Ddz,http://wiki.teamliquid.net/dota2/Ddz,-,http://www.dotabuff.com/esports/players/104963314
DeMoN,http://wiki.teamliquid.net/dota2/DeMoN,https://www.twitch.tv/DotADeMoN,http://www.dotabuff.com/esports/players/85805514
Demons,http://wiki.teamliquid.net/dota2/Demons,-,http://www.dotabuff.com/esports/players/131043881
Dendi,http://wiki.teamliquid.net/dota2/Dendi,https://www.twitch.tv/dendi,http://www.dotabuff.com/esports/players/70388657
Destiny,http://wiki.teamliquid.net/dota2/Destiny,-,http://www.dotabuff.com/esports/players/130921377
Ditya Ra,http://wiki.teamliquid.net/dota2/Ditya_Ra,https://www.twitch.tv/ditya_ra,http://www.dotabuff.com/esports/players/169181898
DJ,http://wiki.teamliquid.net/dota2/DJ,https://www.twitch.tv/djdoto,http://www.dotabuff.com/esports/players/102099826
DkPhobos,http://wiki.teamliquid.net/dota2/DkPhobos,https://www.twitch.tv/Dk_Phobos,http://www.dotabuff.com/esports/players/94338967
Dnz,http://wiki.teamliquid.net/dota2/Dnz,https://www.twitch.tv/dnzgamer,http://www.dotabuff.com/esports/players/98167706
Doctor,http://wiki.teamliquid.net/dota2/Doctor,-,http://www.dotabuff.com/esports/players/86761912
Dog 7,http://wiki.teamliquid.net/dota2/Dog_7,-,http://www.dotabuff.com/esports/players/134679634
Dogf1ghts,http://wiki.teamliquid.net/dota2/Dogf1ghts,-,http://www.dotabuff.com/esports/players/103940975
Draskyl,http://wiki.teamliquid.net/dota2/Draskyl,https://www.twitch.tv/draskyl,http://www.dotabuff.com/esports/players/161444478
Drayich,http://wiki.teamliquid.net/dota2/Drayich,https://www.twitch.tv/drayswe,-
Dread,http://wiki.teamliquid.net/dota2/Dread,https://www.twitch.tv/DreadzTV,http://www.dotabuff.com/esports/players/89782335
DreamyU,http://wiki.teamliquid.net/dota2/DreamyU,-,http://www.dotabuff.com/esports/players/92588070
Droog,http://wiki.teamliquid.net/dota2/Droog,-,-
DuBu,http://wiki.teamliquid.net/dota2/DuBu,https://www.twitch.tv/dubudota,http://www.dotabuff.com/esports/players/145550466
DurpDurp,http://wiki.teamliquid.net/dota2/DurpDurp,-,http://www.dotabuff.com/esports/players/8591574
Dutch Freak,http://wiki.teamliquid.net/dota2/Dutch_Freak,-,-
DXM,http://wiki.teamliquid.net/dota2/DXM,-,http://www.dotabuff.com/esports/players/120374476
Eagle,http://wiki.teamliquid.net/dota2/Eagle,https://www.twitch.tv/thebigbadbird,http://www.dotabuff.com/esports/players/52191022
Ecnart,http://wiki.teamliquid.net/dota2/Ecnart,-,http://www.dotabuff.com/esports/players/66620961
EGM,http://wiki.teamliquid.net/dota2/EGM,https://www.twitch.tv/egm,http://www.dotabuff.com/esports/players/3916428
EL lisasH,http://wiki.teamliquid.net/dota2/EL_lisasH,https://www.twitch.tv/el_lisash,http://www.dotabuff.com/esports/players/181894940
ELeVeN,http://wiki.teamliquid.net/dota2/ELeVeN,-,http://www.dotabuff.com/esports/players/134276083
END,http://wiki.teamliquid.net/dota2/END,-,http://www.dotabuff.com/esports/players/139280377
Eosin,http://wiki.teamliquid.net/dota2/Eosin,https://www.twitch.tv/eosintrash,http://www.dotabuff.com/esports/players/20796460
Era,http://wiki.teamliquid.net/dota2/Era,https://www.twitch.tv/era17,http://www.dotabuff.com/esports/players/100317750
Eresloco,http://wiki.teamliquid.net/dota2/Eresloco,-,http://www.dotabuff.com/esports/players/102732874
Eri Neeman,http://wiki.teamliquid.net/dota2/Eri_Neeman,https://www.twitch.tv/erineeman,-
Eskillz,http://wiki.teamliquid.net/dota2/Eskillz,https://www.twitch.tv/eskillzdota,http://www.dotabuff.com/esports/players/92968238
Etakaka,http://wiki.teamliquid.net/dota2/Etakaka,-,http://www.dotabuff.com/esports/players/89038430
EternaLEnVy,http://wiki.teamliquid.net/dota2/EternaLEnVy,https://www.twitch.tv/eternalenvyy,http://www.dotabuff.com/esports/players/43276219
Ewe,http://wiki.teamliquid.net/dota2/Ewe,-,http://www.dotabuff.com/esports/players/111150817
Excalibur,http://wiki.teamliquid.net/dota2/Excalibur,https://www.twitch.tv/xcaliburye,http://www.dotabuff.com/esports/players/245373129
Exotic Deer,http://wiki.teamliquid.net/dota2/Exotic_Deer,https://www.twitch.tv/exotic_deer,http://www.dotabuff.com/esports/players/62533910
Eyyou,http://wiki.teamliquid.net/dota2/Eyyou,-,http://www.dotabuff.com/esports/players/173476224
F(x),http://wiki.teamliquid.net/dota2/F(x),-,-
Faith,http://wiki.teamliquid.net/dota2/Faith,-,http://www.dotabuff.com/esports/players/82327674
Faith bian,http://wiki.teamliquid.net/dota2/Faith_bian,-,http://www.dotabuff.com/esports/players/118134220
FaN,http://wiki.teamliquid.net/dota2/FaN,-,http://www.dotabuff.com/esports/players/109758944
Fata,http://wiki.teamliquid.net/dota2/Fata,https://www.twitch.tv/dota2fata,http://www.dotabuff.com/esports/players/86799300
Fear,http://wiki.teamliquid.net/dota2/Fear,https://www.twitch.tv/feardota,http://www.dotabuff.com/esports/players/87177591
Feaver,http://wiki.teamliquid.net/dota2/Feaver,-,-
Febby,http://wiki.teamliquid.net/dota2/Febby,https://www.twitch.tv/febbydoto,http://www.dotabuff.com/esports/players/112377459
Feero,http://wiki.teamliquid.net/dota2/Feero,-,http://www.dotabuff.com/esports/players/171775246
Fenrir,http://wiki.teamliquid.net/dota2/Fenrir,-,http://www.dotabuff.com/esports/players/113800818
Ferrari 430,http://wiki.teamliquid.net/dota2/Ferrari_430,-,http://www.dotabuff.com/esports/players/88585077
Fervian,http://wiki.teamliquid.net/dota2/Fervian,https://www.twitch.tv/ferviandota,http://www.dotabuff.com/esports/players/112464030
Fey,http://wiki.teamliquid.net/dota2/Fey,https://www.twitch.tv/feydota,http://www.dotabuff.com/esports/players/178032556
Fishbone,http://wiki.teamliquid.net/dota2/Fishbone,-,http://www.dotabuff.com/esports/players/88522876
Five,http://wiki.teamliquid.net/dota2/Five,-,http://www.dotabuff.com/esports/players/194672667
Flens,http://wiki.teamliquid.net/dota2/Flens,https://www.twitch.tv/flensmeister,http://www.dotabuff.com/esports/players/86896635
Flow,http://wiki.teamliquid.net/dota2/Flow,-,http://www.dotabuff.com/esports/players/91932652
FLUFFNSTUFF,http://wiki.teamliquid.net/dota2/FLUFFNSTUFF,https://www.twitch.tv/fluffdota,http://www.dotabuff.com/esports/players/41470731
Fly,http://wiki.teamliquid.net/dota2/Fly,https://www.twitch.tv/simbaaa,http://www.dotabuff.com/esports/players/94155156
Fly.,http://wiki.teamliquid.net/dota2/Fly.,-,http://www.dotabuff.com/esports/players/91981924
Flyby,http://wiki.teamliquid.net/dota2/Flyby,-,http://www.dotabuff.com/esports/players/186627166
FlyingZebra,http://wiki.teamliquid.net/dota2/FlyingZebra,https://www.twitch.tv/flyingzebra,http://www.dotabuff.com/esports/players/108548063
Flysolo,http://wiki.teamliquid.net/dota2/Flysolo,-,http://www.dotabuff.com/esports/players/201741490
Fn,http://wiki.teamliquid.net/dota2/Fn,-,http://www.dotabuff.com/esports/players/5150808
Fng,http://wiki.teamliquid.net/dota2/Fng,https://www.twitch.tv/abfnggshka,http://www.dotabuff.com/esports/players/94049589
Fogged,http://wiki.teamliquid.net/dota2/Fogged,https://www.twitch.tv/Fogged,http://www.dotabuff.com/esports/players/5448108
Fonte,http://wiki.teamliquid.net/dota2/Fonte,-,http://www.dotabuff.com/esports/players/208796906
Forev,http://wiki.teamliquid.net/dota2/Forev,https://www.twitch.tv/forev,http://www.dotabuff.com/esports/players/88933594
Foxx,http://wiki.teamliquid.net/dota2/Foxx,-,http://www.dotabuff.com/esports/players/92704330
Fran,http://wiki.teamliquid.net/dota2/Fran,-,http://www.dotabuff.com/esports/players/173880329
FrancisLee,http://wiki.teamliquid.net/dota2/FrancisLee,https://www.twitch.tv/francislee,http://www.dotabuff.com/esports/players/292461276
Freeze,http://wiki.teamliquid.net/dota2/Freeze,-,http://www.dotabuff.com/esports/players/137272985
Frigoleet,http://wiki.teamliquid.net/dota2/Frigoleet,-,http://www.dotabuff.com/esports/players/81150290
Fronz,http://wiki.teamliquid.net/dota2/Fronz,https://www.twitch.tv/fronzfronz,http://www.dotabuff.com/esports/players/86878488
FROZEN,http://wiki.teamliquid.net/dota2/FROZEN,-,http://www.dotabuff.com/esports/players/205662271
Fun,http://wiki.teamliquid.net/dota2/Fun,-,http://www.dotabuff.com/esports/players/86747351
Funn1k,http://wiki.teamliquid.net/dota2/Funn1k,https://www.twitch.tv/funn1k,http://www.dotabuff.com/esports/players/86723143
Funzii,http://wiki.teamliquid.net/dota2/Funzii,-,http://www.dotabuff.com/esports/players/29294171
Fusheng,http://wiki.teamliquid.net/dota2/Fusheng,-,http://www.dotabuff.com/esports/players/169672157
Fy,http://wiki.teamliquid.net/dota2/Fy,-,http://www.dotabuff.com/esports/players/101695162
Fyms,http://wiki.teamliquid.net/dota2/Fyms,-,http://www.dotabuff.com/esports/players/163555221
FzFz,http://wiki.teamliquid.net/dota2/FzFz,-,http://www.dotabuff.com/esports/players/96708830
G,http://wiki.teamliquid.net/dota2/G,https://www.twitch.tv/gthemall,http://www.dotabuff.com/esports/players/87586992
G0g1,http://wiki.teamliquid.net/dota2/G0g1,https://www.twitch.tv/g0g1le,http://www.dotabuff.com/esports/players/43401453
Gabbi,http://wiki.teamliquid.net/dota2/Gabbi,-,http://www.dotabuff.com/esports/players/152545459
Gambling,http://wiki.teamliquid.net/dota2/Gambling,-,http://www.dotabuff.com/esports/players/105001471
Garder,http://wiki.teamliquid.net/dota2/Garder,-,http://www.dotabuff.com/esports/players/142750189
Gareth,http://wiki.teamliquid.net/dota2/Gareth,https://www.twitch.tv/Gareth,http://www.dotabuff.com/esports/players/68243195
Garter,http://wiki.teamliquid.net/dota2/Garter,https://www.twitch.tv/garter1,http://www.dotabuff.com/esports/players/86793739
Gedrox,http://wiki.teamliquid.net/dota2/Gedrox,-,http://www.dotabuff.com/esports/players/95439451
GeneRaL,http://wiki.teamliquid.net/dota2/GeneRaL,https://www.twitch.tv/generalqw,http://www.dotabuff.com/esports/players/89550641
German player,http://wiki.teamliquid.net/dota2/German_player,-,http://www.dotabuff.com/esports/players/168785654
GGwpLanaya,http://wiki.teamliquid.net/dota2/GGwpLanaya,https://www.twitch.tv/ggwplanaya,http://www.dotabuff.com/esports/players/110819366
GH,http://wiki.teamliquid.net/dota2/GH,https://www.twitch.tv/marounghgod,http://www.dotabuff.com/esports/players/101356886
Ghost (player),http://wiki.teamliquid.net/dota2/Ghost_(player),-,http://www.dotabuff.com/esports/players/186977347
Ghostik,http://wiki.teamliquid.net/dota2/Ghostik,https://www.twitch.tv/ghostikdota,http://www.dotabuff.com/esports/players/92847434
GiGA,http://wiki.teamliquid.net/dota2/GiGA,-,http://www.dotabuff.com/esports/players/56025217
Gintoki,http://wiki.teamliquid.net/dota2/Gintoki,-,http://www.dotabuff.com/esports/players/101908305
Gio,http://wiki.teamliquid.net/dota2/Gio,-,-
Gnoji,http://wiki.teamliquid.net/dota2/Gnoji,-,-
GoAudio,http://wiki.teamliquid.net/dota2/GoAudio,https://www.twitch.tv/goaudio,-
Goblak,http://wiki.teamliquid.net/dota2/Goblak,https://www.twitch.tv/goblak333,http://www.dotabuff.com/esports/players/89137399
Goddam,http://wiki.teamliquid.net/dota2/Goddam,-,http://www.dotabuff.com/esports/players/63703276
Godot,http://wiki.teamliquid.net/dota2/Godot,https://www.twitch.tv/Godot,http://www.dotabuff.com/esports/players/34726076
GoDz,http://wiki.teamliquid.net/dota2/GoDz,https://www.twitch.tv/godz,-
Gorec,http://wiki.teamliquid.net/dota2/Gorec,-,http://www.dotabuff.com/esports/players/87432909
Gorgc,http://wiki.teamliquid.net/dota2/Gorgc,https://www.twitch.tv/gorgcc,http://www.dotabuff.com/esports/players/56939869
GranDGranT,http://wiki.teamliquid.net/dota2/GranDGranT,https://www.twitch.tv/GrandGrant,http://www.dotabuff.com/esports/players/84176344
Greedy,http://wiki.teamliquid.net/dota2/Greedy,https://www.twitch.tv/greedydota,http://www.dotabuff.com/esports/players/109455705
Guanzo,http://wiki.teamliquid.net/dota2/Guanzo,https://www.twitch.tv/guanzo91,http://www.dotabuff.com/esports/players/39173624
Gudii,http://wiki.teamliquid.net/dota2/Gudii,https://www.twitch.tv/gudiiii,http://www.dotabuff.com/esports/players/58134384
Guvara,http://wiki.teamliquid.net/dota2/Guvara,-,http://www.dotabuff.com/esports/players/430579976
H4nn1,http://wiki.teamliquid.net/dota2/H4nn1,https://www.twitch.tv/h4nn1,http://www.dotabuff.com/esports/players/21265941
Hana,http://wiki.teamliquid.net/dota2/Hana,-,http://www.dotabuff.com/esports/players/75390186
Handsken,http://wiki.teamliquid.net/dota2/Handsken,https://www.twitch.tv/handsken,http://www.dotabuff.com/esports/players/18180970
HANNAH MONTANA,http://wiki.teamliquid.net/dota2/HANNAH_MONTANA,https://www.twitch.tv/HANNAH_MONTANAD2,-
Hao,http://wiki.teamliquid.net/dota2/Hao,-,http://www.dotabuff.com/esports/players/88508515
Heen,http://wiki.teamliquid.net/dota2/Heen,https://www.twitch.tv/heendota,http://www.dotabuff.com/esports/players/105599955
Heromu,http://wiki.teamliquid.net/dota2/Heromu,https://www.twitch.tv/heromuu,http://www.dotabuff.com/esports/players/75028116
HesteJoe-Rotten,http://wiki.teamliquid.net/dota2/HesteJoe-Rotten,https://www.twitch.tv/3dmaxhestejoe,http://www.dotabuff.com/esports/players/43619695
Hex0r,http://wiki.teamliquid.net/dota2/Hex0r,https://www.twitch.tv/themagicalhexor,http://www.dotabuff.com/esports/players/87139174
HFn,http://wiki.teamliquid.net/dota2/HFn,https://www.twitch.tv/hfndota,http://www.dotabuff.com/esports/players/94004717
Hook (player),http://wiki.teamliquid.net/dota2/Hook_(player),-,http://www.dotabuff.com/esports/players/91982026
HooNji,http://wiki.teamliquid.net/dota2/HooNji,-,http://www.dotabuff.com/esports/players/86740201
Hot Bid,http://wiki.teamliquid.net/dota2/Hot_Bid,https://www.twitch.tv/hot_bid,-
Hugo,http://wiki.teamliquid.net/dota2/Hugo,-,http://www.dotabuff.com/esports/players/57686681
Hy,http://wiki.teamliquid.net/dota2/Hy,-,http://www.dotabuff.com/esports/players/240727522
Hyac,http://wiki.teamliquid.net/dota2/Hyac,-,-
Hyhy,http://wiki.teamliquid.net/dota2/Hyhy,-,http://www.dotabuff.com/esports/players/87394977
Hym,http://wiki.teamliquid.net/dota2/Hym,-,http://www.dotabuff.com/esports/players/135384059
IAnnihilate,http://wiki.teamliquid.net/dota2/IAnnihilate,https://www.twitch.tv/iannihilatedota,http://www.dotabuff.com/esports/players/92706637
Ice (player),http://wiki.teamliquid.net/dota2/Ice_(player),-,http://www.dotabuff.com/esports/players/93670407
Iceberg,http://wiki.teamliquid.net/dota2/Iceberg,https://www.twitch.tv/icebergdoto,http://www.dotabuff.com/esports/players/250114507
Iceice,http://wiki.teamliquid.net/dota2/Iceice,-,http://www.dotabuff.com/esports/players/102644565
Iceiceice,http://wiki.teamliquid.net/dota2/Iceiceice,https://www.twitch.tv/iceiceice,http://www.dotabuff.com/esports/players/84772440
Icy,http://wiki.teamliquid.net/dota2/Icy,-,http://www.dotabuff.com/esports/players/120569619
Ifrit,http://wiki.teamliquid.net/dota2/Ifrit,https://www.twitch.tv/ifritdota2,http://www.dotabuff.com/esports/players/87040694
Illidan,http://wiki.teamliquid.net/dota2/Illidan,https://www.twitch.tv/illidanstr,http://www.dotabuff.com/esports/players/26316691
IlLogic,http://wiki.teamliquid.net/dota2/IlLogic,-,http://www.dotabuff.com/esports/players/151625242
ILLusionisT,http://wiki.teamliquid.net/dota2/ILLusionisT,-,http://www.dotabuff.com/esports/players/37399177
ILTW,http://wiki.teamliquid.net/dota2/ILTW,https://www.twitch.tv/iltw1,http://www.dotabuff.com/esports/players/113995822
Ima sheep(sux),http://wiki.teamliquid.net/dota2/Ima_sheep(sux),https://www.twitch.tv/imasheepsux,http://www.dotabuff.com/esports/players/83625397
Inflame,http://wiki.teamliquid.net/dota2/Inflame,-,http://www.dotabuff.com/esports/players/111189717
InJuly,http://wiki.teamliquid.net/dota2/InJuly,-,http://www.dotabuff.com/esports/players/111291593
Inkvizitor,http://wiki.teamliquid.net/dota2/Inkvizitor,-,http://www.dotabuff.com/esports/players/93736444
Inmate,http://wiki.teamliquid.net/dota2/Inmate,https://www.twitch.tv/Inmateoo,http://www.dotabuff.com/esports/players/77415789
INsania,http://wiki.teamliquid.net/dota2/INsania,https://www.twitch.tv/insan1a,http://www.dotabuff.com/esports/players/54580962
Inverno,http://wiki.teamliquid.net/dota2/Inverno,-,http://www.dotabuff.com/esports/players/86764435
InYourdreaM,http://wiki.teamliquid.net/dota2/InYourdreaM,-,http://www.dotabuff.com/esports/players/181716137
Iwo,http://wiki.teamliquid.net/dota2/Iwo,-,http://www.dotabuff.com/esports/players/86724433
Ixmike88,http://wiki.teamliquid.net/dota2/Ixmike88,https://www.twitch.tv/ixmike88,http://www.dotabuff.com/esports/players/86715129
J4,http://wiki.teamliquid.net/dota2/J4,-,http://www.dotabuff.com/esports/players/75750590
Jabbz,http://wiki.teamliquid.net/dota2/Jabbz,https://www.twitch.tv/jabbz1301,http://www.dotabuff.com/esports/players/60943014
Jabz,http://wiki.teamliquid.net/dota2/Jabz,https://www.twitch.tv/jal3z,http://www.dotabuff.com/esports/players/100471531
Jackal,http://wiki.teamliquid.net/dota2/Jackal,-,http://www.dotabuff.com/esports/players/67166425
Jacko,http://wiki.teamliquid.net/dota2/Jacko,-,http://www.dotabuff.com/esports/players/122991377
JaH,http://wiki.teamliquid.net/dota2/JaH,-,http://www.dotabuff.com/esports/players/5571849
James,http://wiki.teamliquid.net/dota2/James,-,http://www.dotabuff.com/esports/players/163587550
Jdh,http://wiki.teamliquid.net/dota2/Jdh,-,http://www.dotabuff.com/esports/players/117990312
Jenkins,http://wiki.teamliquid.net/dota2/Jenkins,https://www.twitch.tv/420jenkins,http://www.dotabuff.com/esports/players/95145869
Jeppins,http://wiki.teamliquid.net/dota2/Jeppins,-,-
JerAx,http://wiki.teamliquid.net/dota2/JerAx,https://www.twitch.tv/JerAxai,http://www.dotabuff.com/esports/players/26771994
Jericho,http://wiki.teamliquid.net/dota2/Jericho,-,http://www.dotabuff.com/esports/players/99672424
Jerry,http://wiki.teamliquid.net/dota2/Jerry,-,http://www.dotabuff.com/esports/players/192319592
JessieVash,http://wiki.teamliquid.net/dota2/JessieVash,-,http://www.dotabuff.com/esports/players/86772934
JesusSt1ck,http://wiki.teamliquid.net/dota2/JesusSt1ck,-,-
Jeyo,http://wiki.teamliquid.net/dota2/Jeyo,-,-
Jhoven,http://wiki.teamliquid.net/dota2/Jhoven,-,-
JiaJia,http://wiki.teamliquid.net/dota2/JiaJia,-,-
Jigglebilly,http://wiki.teamliquid.net/dota2/Jigglebilly,-,-
Jixing,http://wiki.teamliquid.net/dota2/Jixing,-,-
JoHnNy,http://wiki.teamliquid.net/dota2/JoHnNy,-,-
Jonassomfan,http://wiki.teamliquid.net/dota2/Jonassomfan,-,-
Joraal,http://wiki.teamliquid.net/dota2/Joraal,-,-
JotM,http://wiki.teamliquid.net/dota2/JotM,-,-
Jubei,http://wiki.teamliquid.net/dota2/Jubei,-,-
Julz,http://wiki.teamliquid.net/dota2/Julz,-,-
June,http://wiki.teamliquid.net/dota2/June,-,-
JUST,http://wiki.teamliquid.net/dota2/JUST,-,-
Justin,http://wiki.teamliquid.net/dota2/Justin,-,-
JyC,http://wiki.teamliquid.net/dota2/JyC,-,-
JyU,http://wiki.teamliquid.net/dota2/JyU,-,-
Kabu,http://wiki.teamliquid.net/dota2/Kabu,-,-
Kaci Aitchison,http://wiki.teamliquid.net/dota2/Kaci_Aitchison,-,-
Kacor,http://wiki.teamliquid.net/dota2/Kacor,-,-
KaHT,http://wiki.teamliquid.net/dota2/KaHT,-,-
Kai,http://wiki.teamliquid.net/dota2/Kai,-,-
Kaidou,http://wiki.teamliquid.net/dota2/Kaidou,-,-
Kaka,http://wiki.teamliquid.net/dota2/Kaka,-,-
KaNG,http://wiki.teamliquid.net/dota2/KaNG,-,-
KBBQ,http://wiki.teamliquid.net/dota2/KBBQ,-,-
Kebap,http://wiki.teamliquid.net/dota2/Kebap,-,-
Kecik Imba,http://wiki.teamliquid.net/dota2/Kecik_Imba,-,-
Kefka,http://wiki.teamliquid.net/dota2/Kefka,-,-
KeyaNo,http://wiki.teamliquid.net/dota2/KeyaNo,-,-
Keyser,http://wiki.teamliquid.net/dota2/Keyser,-,-
KheZu,http://wiki.teamliquid.net/dota2/KheZu,-,-
Kikoni,http://wiki.teamliquid.net/dota2/Kikoni,-,-
Kim0,http://wiki.teamliquid.net/dota2/Kim0,-,-
KingJ,http://wiki.teamliquid.net/dota2/KingJ,-,-
KingR,http://wiki.teamliquid.net/dota2/KingR,-,-
KINGRD,http://wiki.teamliquid.net/dota2/KINGRD,-,-
Kingteka,http://wiki.teamliquid.net/dota2/Kingteka,-,-
Kipspul,http://wiki.teamliquid.net/dota2/Kipspul,-,-
Klasynky,http://wiki.teamliquid.net/dota2/Klasynky,-,-
Klotz22,http://wiki.teamliquid.net/dota2/Klotz22,-,-
KoaLa,http://wiki.teamliquid.net/dota2/KoaLa,-,-
Kole,http://wiki.teamliquid.net/dota2/Kole,-,-
Korok,http://wiki.teamliquid.net/dota2/Korok,-,-
Kotarō Hayama,http://wiki.teamliquid.net/dota2/Kotar%C5%8D_Hayama,-,-
KotLGuy,http://wiki.teamliquid.net/dota2/KotLGuy,-,-
Kpii,http://wiki.teamliquid.net/dota2/Kpii,-,-
Kpoptosis,http://wiki.teamliquid.net/dota2/Kpoptosis,-,-
KSi,http://wiki.teamliquid.net/dota2/KSi,-,-
Kuku,http://wiki.teamliquid.net/dota2/Kuku,-,-
KuroKy,http://wiki.teamliquid.net/dota2/KuroKy,-,-
KvH,http://wiki.teamliquid.net/dota2/KvH,-,-
KyrieDepra,http://wiki.teamliquid.net/dota2/KyrieDepra,-,-
KyT,http://wiki.teamliquid.net/dota2/KyT,-,-
KYxY,http://wiki.teamliquid.net/dota2/KYxY,-,-
L0lik O,http://wiki.teamliquid.net/dota2/L0lik_O,-,-
Lacoste,http://wiki.teamliquid.net/dota2/Lacoste,-,-
LaKelz,http://wiki.teamliquid.net/dota2/LaKelz,-,-
Lanaro,http://wiki.teamliquid.net/dota2/Lanaro,-,-
Lance (Player),http://wiki.teamliquid.net/dota2/Lance_(Player),-,-
LaNm,http://wiki.teamliquid.net/dota2/LaNm,-,-
Lapiz,http://wiki.teamliquid.net/dota2/Lapiz,-,-
LD,http://wiki.teamliquid.net/dota2/LD,-,-
Le,http://wiki.teamliquid.net/dota2/Le,-,-
LeBronDota,http://wiki.teamliquid.net/dota2/LeBronDota,-,-
LeoStyle-,http://wiki.teamliquid.net/dota2/LeoStyle-,-,-
Ler GG,http://wiki.teamliquid.net/dota2/Ler_GG,-,-
Li,http://wiki.teamliquid.net/dota2/Li,-,-
Liekkas,http://wiki.teamliquid.net/dota2/Liekkas,-,-
LighTofHeaveN,http://wiki.teamliquid.net/dota2/LighTofHeaveN,-,-
Lil,http://wiki.teamliquid.net/dota2/Lil,-,-
Lil kin6,http://wiki.teamliquid.net/dota2/Lil_kin6,-,-
Limmp,http://wiki.teamliquid.net/dota2/Limmp,-,-
Lin,http://wiki.teamliquid.net/dota2/Lin,-,-
Ling,http://wiki.teamliquid.net/dota2/Ling,-,-
Link,http://wiki.teamliquid.net/dota2/Link,-,-
Liposa,http://wiki.teamliquid.net/dota2/Liposa,-,-
LizZard,http://wiki.teamliquid.net/dota2/LizZard,-,-
Loda,http://wiki.teamliquid.net/dota2/Loda,-,-
LokarN,http://wiki.teamliquid.net/dota2/LokarN,-,-
Longb,http://wiki.teamliquid.net/dota2/Longb,-,-
LongDD,http://wiki.teamliquid.net/dota2/LongDD,-,-
Loomdun,http://wiki.teamliquid.net/dota2/Loomdun,-,-
Lpc,http://wiki.teamliquid.net/dota2/Lpc,-,-
Lt,http://wiki.teamliquid.net/dota2/Lt,-,-
Lubby,http://wiki.teamliquid.net/dota2/Lubby,-,-
Luft,http://wiki.teamliquid.net/dota2/Luft,-,-
LuLu^^,http://wiki.teamliquid.net/dota2/LuLu%5E%5E,-,-
Luminous,http://wiki.teamliquid.net/dota2/Luminous,-,-
Luo,http://wiki.teamliquid.net/dota2/Luo,-,-
Luobo,http://wiki.teamliquid.net/dota2/Luobo,-,-
Lwy,http://wiki.teamliquid.net/dota2/Lwy,-,-
Lyrical,http://wiki.teamliquid.net/dota2/Lyrical,-,-
Madara,http://wiki.teamliquid.net/dota2/Madara,-,-
Maden,http://wiki.teamliquid.net/dota2/Maden,-,-
Maelk,http://wiki.teamliquid.net/dota2/Maelk,-,-
MafiA,http://wiki.teamliquid.net/dota2/MafiA,-,-
MagE-,http://wiki.teamliquid.net/dota2/MagE-,-,-
MaGoma,http://wiki.teamliquid.net/dota2/MaGoma,-,-
Mag~,http://wiki.teamliquid.net/dota2/Mag~,-,-
Maiki,http://wiki.teamliquid.net/dota2/Maiki,-,-
Mambos,http://wiki.teamliquid.net/dota2/Mambos,-,-
Mandy,http://wiki.teamliquid.net/dota2/Mandy,-,-
Mango Banana,http://wiki.teamliquid.net/dota2/Mango_Banana,-,-
MaNia,http://wiki.teamliquid.net/dota2/MaNia,-,-
Mantis,http://wiki.teamliquid.net/dota2/Mantis,-,-
Maomao,http://wiki.teamliquid.net/dota2/Maomao,-,-
March (Korean player),http://wiki.teamliquid.net/dota2/March_(Korean_player),-,-
MarSu,http://wiki.teamliquid.net/dota2/MarSu,-,-
Masakary,http://wiki.teamliquid.net/dota2/Masakary,-,-
Masoku,http://wiki.teamliquid.net/dota2/Masoku,-,-
Mason,http://wiki.teamliquid.net/dota2/Mason,-,-
Masquerade,http://wiki.teamliquid.net/dota2/Masquerade,-,-
Massacre,http://wiki.teamliquid.net/dota2/Massacre,-,-
Mastermind,http://wiki.teamliquid.net/dota2/Mastermind,-,-
Matrim,http://wiki.teamliquid.net/dota2/Matrim,-,-
Matthew,http://wiki.teamliquid.net/dota2/Matthew,-,-
MATUMBAMAN,http://wiki.teamliquid.net/dota2/MATUMBAMAN,-,-
Maut,http://wiki.teamliquid.net/dota2/Maut,-,-
Maybe,http://wiki.teamliquid.net/dota2/Maybe,-,-
Maybe Next Time,http://wiki.teamliquid.net/dota2/Maybe_Next_Time,-,-
MdL (Alperen Arslan),http://wiki.teamliquid.net/dota2/MdL_(Alperen_Arslan),-,-
MelodyLovers,http://wiki.teamliquid.net/dota2/MelodyLovers,-,-
Melonzz,http://wiki.teamliquid.net/dota2/Melonzz,-,-
Meracle,http://wiki.teamliquid.net/dota2/Meracle,-,-
Merlini,http://wiki.teamliquid.net/dota2/Merlini,-,-
MeTTpuM,http://wiki.teamliquid.net/dota2/MeTTpuM,-,-
Mevius,http://wiki.teamliquid.net/dota2/Mevius,-,-
MiCKe,http://wiki.teamliquid.net/dota2/MiCKe,-,-
MidOne,http://wiki.teamliquid.net/dota2/MidOne,-,-
MiGGel,http://wiki.teamliquid.net/dota2/MiGGel,-,-
MiHawk,http://wiki.teamliquid.net/dota2/MiHawk,-,-
Mikasa,http://wiki.teamliquid.net/dota2/Mikasa,-,-
Mikey,http://wiki.teamliquid.net/dota2/Mikey,-,-
MiLAN,http://wiki.teamliquid.net/dota2/MiLAN,-,-
MinD ContRoL,http://wiki.teamliquid.net/dota2/MinD_ContRoL,-,-
Minerva,http://wiki.teamliquid.net/dota2/Minerva,-,-
Mini,http://wiki.teamliquid.net/dota2/Mini,-,-
Miposhka,http://wiki.teamliquid.net/dota2/Miposhka,-,-
Miracle-,http://wiki.teamliquid.net/dota2/Miracle-,-,-
Mirakel,http://wiki.teamliquid.net/dota2/Mirakel,-,-
MiSeRy,http://wiki.teamliquid.net/dota2/MiSeRy,-,-
Misha,http://wiki.teamliquid.net/dota2/Misha,-,-
Mitch,http://wiki.teamliquid.net/dota2/Mitch,-,-
MJW,http://wiki.teamliquid.net/dota2/MJW,-,-
MKSos,http://wiki.teamliquid.net/dota2/MKSos,-,-
MMY,http://wiki.teamliquid.net/dota2/MMY,-,-
Mofi,http://wiki.teamliquid.net/dota2/Mofi,-,-
Monet,http://wiki.teamliquid.net/dota2/Monet,-,-
Monkeys-forever,http://wiki.teamliquid.net/dota2/Monkeys-forever,-,-
Monolith,http://wiki.teamliquid.net/dota2/Monolith,-,-
Moo,http://wiki.teamliquid.net/dota2/Moo,-,-
Moogy,http://wiki.teamliquid.net/dota2/Moogy,-,-
Mool,http://wiki.teamliquid.net/dota2/Mool,-,-
Moonlight,http://wiki.teamliquid.net/dota2/Moonlight,-,-
MoonMeander,http://wiki.teamliquid.net/dota2/MoonMeander,-,-
MoZuN,http://wiki.teamliquid.net/dota2/MoZuN,-,-
MP,http://wiki.teamliquid.net/dota2/MP,-,-
Mrrr,http://wiki.teamliquid.net/dota2/Mrrr,-,-
MSS,http://wiki.teamliquid.net/dota2/MSS,-,-
Mstco,http://wiki.teamliquid.net/dota2/Mstco,-,-
MtR,http://wiki.teamliquid.net/dota2/MtR,-,-
Mtrx4u,http://wiki.teamliquid.net/dota2/Mtrx4u,-,-
Mu,http://wiki.teamliquid.net/dota2/Mu,-,-
Mushi,http://wiki.teamliquid.net/dota2/Mushi,-,-
MusiCa,http://wiki.teamliquid.net/dota2/MusiCa,-,-
Mynuts,http://wiki.teamliquid.net/dota2/Mynuts,-,-
MyPro,http://wiki.teamliquid.net/dota2/MyPro,-,-
N0tail,http://wiki.teamliquid.net/dota2/N0tail,-,-
Nafari,http://wiki.teamliquid.net/dota2/Nafari,-,-
Nahaz,http://wiki.teamliquid.net/dota2/Nahaz,-,-
NaNa,http://wiki.teamliquid.net/dota2/NaNa,-,-
Nando,http://wiki.teamliquid.net/dota2/Nando,-,-
NeaR,http://wiki.teamliquid.net/dota2/NeaR,-,-
Nedbone,http://wiki.teamliquid.net/dota2/Nedbone,-,-
Nemphy,http://wiki.teamliquid.net/dota2/Nemphy,-,-
Neqroman,http://wiki.teamliquid.net/dota2/Neqroman,-,-
Net (player),http://wiki.teamliquid.net/dota2/Net_(player),-,-
Newsham,http://wiki.teamliquid.net/dota2/Newsham,-,-
Nexus,http://wiki.teamliquid.net/dota2/Nexus,-,-
Nikobaby,http://wiki.teamliquid.net/dota2/Nikobaby,-,-
Nine,http://wiki.teamliquid.net/dota2/Nine,-,-
Ninjaboogie,http://wiki.teamliquid.net/dota2/Ninjaboogie,-,-
Niqua,http://wiki.teamliquid.net/dota2/Niqua,-,-
Nisha,http://wiki.teamliquid.net/dota2/Nisha,-,-
Nix,http://wiki.teamliquid.net/dota2/Nix,-,-
Nj,http://wiki.teamliquid.net/dota2/Nj,-,-
NO Chanc3,http://wiki.teamliquid.net/dota2/NO_Chanc3,-,-
Noble,http://wiki.teamliquid.net/dota2/Noble,-,-
Nocik,http://wiki.teamliquid.net/dota2/Nocik,-,-
NoFear,http://wiki.teamliquid.net/dota2/NoFear,-,-
Noia,http://wiki.teamliquid.net/dota2/Noia,-,-
Nokky,http://wiki.teamliquid.net/dota2/Nokky,-,-
Nono,http://wiki.teamliquid.net/dota2/Nono,-,-
Noone,http://wiki.teamliquid.net/dota2/Noone,-,-
Noxville,http://wiki.teamliquid.net/dota2/Noxville,-,-
NS,http://wiki.teamliquid.net/dota2/NS,-,-
NutZ,http://wiki.teamliquid.net/dota2/NutZ,-,-
ODPixel,http://wiki.teamliquid.net/dota2/ODPixel,-,-
Offak,http://wiki.teamliquid.net/dota2/Offak,-,-
Ohaiyo,http://wiki.teamliquid.net/dota2/Ohaiyo,-,-
Old chicken,http://wiki.teamliquid.net/dota2/Old_chicken,-,-
Oliver,http://wiki.teamliquid.net/dota2/Oliver,-,-
OmegaPwner,http://wiki.teamliquid.net/dota2/OmegaPwner,-,-
Op,http://wiki.teamliquid.net/dota2/Op,-,-
Ori,http://wiki.teamliquid.net/dota2/Ori,-,-
Owa,http://wiki.teamliquid.net/dota2/Owa,-,-
PAADA,http://wiki.teamliquid.net/dota2/PAADA,-,-
Pablo,http://wiki.teamliquid.net/dota2/Pablo,-,-
Pain,http://wiki.teamliquid.net/dota2/Pain,-,-
Pajkatt,http://wiki.teamliquid.net/dota2/Pajkatt,-,-
Pandaego,http://wiki.teamliquid.net/dota2/Pandaego,-,-
Paparazi灬,http://wiki.teamliquid.net/dota2/Paparazi%E7%81%AC,-,-
Papita,http://wiki.teamliquid.net/dota2/Papita,-,-
PARIS,http://wiki.teamliquid.net/dota2/PARIS,-,-
PaS,http://wiki.teamliquid.net/dota2/PaS,-,-
Patos,http://wiki.teamliquid.net/dota2/Patos,-,-
PatSoul,http://wiki.teamliquid.net/dota2/PatSoul,-,-
PGG,http://wiki.teamliquid.net/dota2/PGG,-,-
Piao,http://wiki.teamliquid.net/dota2/Piao,-,-
Pieliedie,http://wiki.teamliquid.net/dota2/Pieliedie,-,-
Pikachu,http://wiki.teamliquid.net/dota2/Pikachu,-,-
PimpmuckL,http://wiki.teamliquid.net/dota2/PimpmuckL,-,-
Pingvincek,http://wiki.teamliquid.net/dota2/Pingvincek,-,-
Pinoy,http://wiki.teamliquid.net/dota2/Pinoy,-,-
PLZDunKilme,http://wiki.teamliquid.net/dota2/PLZDunKilme,-,-
Poloson,http://wiki.teamliquid.net/dota2/Poloson,-,-
Portal:Players,http://wiki.teamliquid.net/dota2/Portal:Players,-,-
Ppd,http://wiki.teamliquid.net/dota2/Ppd,-,-
PrettyHaw,http://wiki.teamliquid.net/dota2/PrettyHaw,-,-
Primo,http://wiki.teamliquid.net/dota2/Primo,-,-
Profheadshot,http://wiki.teamliquid.net/dota2/Profheadshot,-,-
PSM,http://wiki.teamliquid.net/dota2/PSM,-,-
Puer tea,http://wiki.teamliquid.net/dota2/Puer_tea,-,-
Puppey,http://wiki.teamliquid.net/dota2/Puppey,-,-
Purge (Kevin Godec),http://wiki.teamliquid.net/dota2/Purge_(Kevin_Godec),-,-
PwN,http://wiki.teamliquid.net/dota2/PwN,-,-
PyrionFlax,http://wiki.teamliquid.net/dota2/PyrionFlax,-,-
PYung,http://wiki.teamliquid.net/dota2/PYung,-,-
Q,http://wiki.teamliquid.net/dota2/Q,-,-
Qd,http://wiki.teamliquid.net/dota2/Qd,-,-
Qianqian,http://wiki.teamliquid.net/dota2/Qianqian,-,-
QO,http://wiki.teamliquid.net/dota2/QO,-,-
Qojqva,http://wiki.teamliquid.net/dota2/Qojqva,-,-
QQQ,http://wiki.teamliquid.net/dota2/QQQ,-,-
QwisTa,http://wiki.teamliquid.net/dota2/QwisTa,-,-
R1sk,http://wiki.teamliquid.net/dota2/R1sk,-,-
R5r5,http://wiki.teamliquid.net/dota2/R5r5,-,-
Rabbit,http://wiki.teamliquid.net/dota2/Rabbit,-,-
RampaGe,http://wiki.teamliquid.net/dota2/RampaGe,-,-
RAMZES666,http://wiki.teamliquid.net/dota2/RAMZES666,-,-
Ran,http://wiki.teamliquid.net/dota2/Ran,-,-
Rapy,http://wiki.teamliquid.net/dota2/Rapy,-,-
Raven,http://wiki.teamliquid.net/dota2/Raven,-,-
ReaLaxXx,http://wiki.teamliquid.net/dota2/ReaLaxXx,-,-
Reaves,http://wiki.teamliquid.net/dota2/Reaves,-,-
Red,http://wiki.teamliquid.net/dota2/Red,-,-
Redeye,http://wiki.teamliquid.net/dota2/Redeye,-,-
Reelo,http://wiki.teamliquid.net/dota2/Reelo,-,-
Reesion,http://wiki.teamliquid.net/dota2/Reesion,-,-
Reisen,http://wiki.teamliquid.net/dota2/Reisen,-,-
Rem,http://wiki.teamliquid.net/dota2/Rem,-,-
Resolut1on,http://wiki.teamliquid.net/dota2/Resolut1on,-,-
Retribution,http://wiki.teamliquid.net/dota2/Retribution,-,-
Rime,http://wiki.teamliquid.net/dota2/Rime,-,-
Ripuck,http://wiki.teamliquid.net/dota2/Ripuck,-,-
Riser,http://wiki.teamliquid.net/dota2/Riser,-,-
Ritsu,http://wiki.teamliquid.net/dota2/Ritsu,-,-
RMC,http://wiki.teamliquid.net/dota2/RMC,-,-
RmN-,http://wiki.teamliquid.net/dota2/RmN-,-,-
Roddgeee,http://wiki.teamliquid.net/dota2/Roddgeee,-,-
RodjER,http://wiki.teamliquid.net/dota2/RodjER,-,-
Rong,http://wiki.teamliquid.net/dota2/Rong,-,-
ROtK,http://wiki.teamliquid.net/dota2/ROtK,-,-
RR,http://wiki.teamliquid.net/dota2/RR,-,-
Runec,http://wiki.teamliquid.net/dota2/Runec,-,-
RyOyr,http://wiki.teamliquid.net/dota2/RyOyr,-,-
RyuUboruZ,http://wiki.teamliquid.net/dota2/RyuUboruZ,-,-
Ryuya,http://wiki.teamliquid.net/dota2/Ryuya,-,-
Ryze,http://wiki.teamliquid.net/dota2/Ryze,-,-
S4,http://wiki.teamliquid.net/dota2/S4,-,-
Sag,http://wiki.teamliquid.net/dota2/Sag,-,-
Saksa,http://wiki.teamliquid.net/dota2/Saksa,-,-
Sam H,http://wiki.teamliquid.net/dota2/Sam_H,-,-
SANKE,http://wiki.teamliquid.net/dota2/SANKE,-,-
SanSheng,http://wiki.teamliquid.net/dota2/SanSheng,-,-
Santa,http://wiki.teamliquid.net/dota2/Santa,-,-
Sayaka,http://wiki.teamliquid.net/dota2/Sayaka,-,-
Scabo,http://wiki.teamliquid.net/dota2/Scabo,-,-
Scandal,http://wiki.teamliquid.net/dota2/Scandal,-,-
Scant,http://wiki.teamliquid.net/dota2/Scant,-,-
Sccc,http://wiki.teamliquid.net/dota2/Sccc,-,-
SCL,http://wiki.teamliquid.net/dota2/SCL,-,-
Scofield,http://wiki.teamliquid.net/dota2/Scofield,-,-
SCripted,http://wiki.teamliquid.net/dota2/SCripted,-,-
SD,http://wiki.teamliquid.net/dota2/SD,-,-
Sealkid,http://wiki.teamliquid.net/dota2/Sealkid,-,-
Sedoy,http://wiki.teamliquid.net/dota2/Sedoy,-,-
SeleCT,http://wiki.teamliquid.net/dota2/SeleCT,-,-
Seleri,http://wiki.teamliquid.net/dota2/Seleri,-,-
User:SENPAI1998/@SenpaiDota,http://wiki.teamliquid.net/dota2/User:SENPAI1998/@SenpaiDota,-,-
September,http://wiki.teamliquid.net/dota2/September,-,-
Seven (Filipino player),http://wiki.teamliquid.net/dota2/Seven_(Filipino_player),-,-
SexyBamboe,http://wiki.teamliquid.net/dota2/SexyBamboe,-,-
Sh4dowehhh,http://wiki.teamliquid.net/dota2/Sh4dowehhh,-,-
Shachlo,http://wiki.teamliquid.net/dota2/Shachlo,-,-
Shade,http://wiki.teamliquid.net/dota2/Shade,-,-
Shadow (player),http://wiki.teamliquid.net/dota2/Shadow_(player),-,-
Shaneomad,http://wiki.teamliquid.net/dota2/Shaneomad,-,-
Sharky,http://wiki.teamliquid.net/dota2/Sharky,-,-
Shatan,http://wiki.teamliquid.net/dota2/Shatan,-,-
Sheever,http://wiki.teamliquid.net/dota2/Sheever,-,-
Shiibbyy,http://wiki.teamliquid.net/dota2/Shiibbyy,-,-
Shiki,http://wiki.teamliquid.net/dota2/Shiki,-,-
Shining,http://wiki.teamliquid.net/dota2/Shining,-,-
Shredder (player),http://wiki.teamliquid.net/dota2/Shredder_(player),-,-
Sifla,http://wiki.teamliquid.net/dota2/Sifla,-,-
Silent,http://wiki.teamliquid.net/dota2/Silent,-,-
SingSing,http://wiki.teamliquid.net/dota2/SingSing,-,-
SirActionSlacks,http://wiki.teamliquid.net/dota2/SirActionSlacks,-,-
SKANKS224,http://wiki.teamliquid.net/dota2/SKANKS224,-,-
Skrff,http://wiki.teamliquid.net/dota2/Skrff,-,-
Sky,http://wiki.teamliquid.net/dota2/Sky,-,-
SkyLark,http://wiki.teamliquid.net/dota2/SkyLark,-,-
Slahser,http://wiki.teamliquid.net/dota2/Slahser,-,-
Slander,http://wiki.teamliquid.net/dota2/Slander,-,-
SlashStrike,http://wiki.teamliquid.net/dota2/SlashStrike,-,-
Slayer,http://wiki.teamliquid.net/dota2/Slayer,-,-
SLiCKz,http://wiki.teamliquid.net/dota2/SLiCKz,-,-
SmAsH,http://wiki.teamliquid.net/dota2/SmAsH,-,-
Smulgullig,http://wiki.teamliquid.net/dota2/Smulgullig,-,-
Sneyking,http://wiki.teamliquid.net/dota2/Sneyking,-,-
Snoopy,http://wiki.teamliquid.net/dota2/Snoopy,-,-
Sober,http://wiki.teamliquid.net/dota2/Sober,-,-
Solen,http://wiki.teamliquid.net/dota2/Solen,-,-
Solitude,http://wiki.teamliquid.net/dota2/Solitude,-,-
Solo,http://wiki.teamliquid.net/dota2/Solo,-,-
SoNNeikO,http://wiki.teamliquid.net/dota2/SoNNeikO,-,-
Sooths,http://wiki.teamliquid.net/dota2/Sooths,-,-
Sovereign,http://wiki.teamliquid.net/dota2/Sovereign,-,-
Spin,http://wiki.teamliquid.net/dota2/Spin,-,-
Spotty,http://wiki.teamliquid.net/dota2/Spotty,-,-
SQreen,http://wiki.teamliquid.net/dota2/SQreen,-,-
Srf,http://wiki.teamliquid.net/dota2/Srf,-,-
SsaSpartan,http://wiki.teamliquid.net/dota2/SsaSpartan,-,-
STABA,http://wiki.teamliquid.net/dota2/STABA,-,-
Stan King,http://wiki.teamliquid.net/dota2/Stan_King,-,-
State21,http://wiki.teamliquid.net/dota2/State21,-,-
Steffstyle,http://wiki.teamliquid.net/dota2/Steffstyle,-,-
StingeR,http://wiki.teamliquid.net/dota2/StingeR,-,-
Stomanen1,http://wiki.teamliquid.net/dota2/Stomanen1,-,-
Strangby,http://wiki.teamliquid.net/dota2/Strangby,-,-
Sugar baby,http://wiki.teamliquid.net/dota2/Sugar_baby,-,-
SumaiL,http://wiki.teamliquid.net/dota2/SumaiL,-,-
SunBhie,http://wiki.teamliquid.net/dota2/SunBhie,-,-
Sune,http://wiki.teamliquid.net/dota2/Sune,-,-
Sunlight,http://wiki.teamliquid.net/dota2/Sunlight,-,-
SUNSfan,http://wiki.teamliquid.net/dota2/SUNSfan,-,-
Super,http://wiki.teamliquid.net/dota2/Super,-,-
Super (Su Peng),http://wiki.teamliquid.net/dota2/Super_(Su_Peng),-,-
Supreme,http://wiki.teamliquid.net/dota2/Supreme,-,-
SVG,http://wiki.teamliquid.net/dota2/SVG,-,-
Swiftending,http://wiki.teamliquid.net/dota2/Swiftending,-,-
Swifty,http://wiki.teamliquid.net/dota2/Swifty,-,-
Syeonix,http://wiki.teamliquid.net/dota2/Syeonix,-,-
Sylar,http://wiki.teamliquid.net/dota2/Sylar,-,-
SyndereN,http://wiki.teamliquid.net/dota2/SyndereN,-,-
Tavo,http://wiki.teamliquid.net/dota2/Tavo,-,-
TC,http://wiki.teamliquid.net/dota2/TC,-,-
Teehee,http://wiki.teamliquid.net/dota2/Teehee,-,-
The apathy,http://wiki.teamliquid.net/dota2/The_apathy,-,-
Therence,http://wiki.teamliquid.net/dota2/Therence,-,-
Thiolicor,http://wiki.teamliquid.net/dota2/Thiolicor,-,-
ThuG,http://wiki.teamliquid.net/dota2/ThuG,-,-
TidesofTime,http://wiki.teamliquid.net/dota2/TidesofTime,-,-
Timado,http://wiki.teamliquid.net/dota2/Timado,-,-
Tims,http://wiki.teamliquid.net/dota2/Tims,-,-
TnK,http://wiki.teamliquid.net/dota2/TnK,-,-
TobiWan,http://wiki.teamliquid.net/dota2/TobiWan,-,-
Toffees,http://wiki.teamliquid.net/dota2/Toffees,-,-
Tone,http://wiki.teamliquid.net/dota2/Tone,-,-
TooFuckingGood,http://wiki.teamliquid.net/dota2/TooFuckingGood,-,-
TpoH,http://wiki.teamliquid.net/dota2/TpoH,-,-
Tralf,http://wiki.teamliquid.net/dota2/Tralf,-,-
TrentPax,http://wiki.teamliquid.net/dota2/TrentPax,-,-
Trixi,http://wiki.teamliquid.net/dota2/Trixi,-,-
Tudi,http://wiki.teamliquid.net/dota2/Tudi,-,-
Tulex,http://wiki.teamliquid.net/dota2/Tulex,-,-
TuTu,http://wiki.teamliquid.net/dota2/TuTu,-,-
TwiSta,http://wiki.teamliquid.net/dota2/TwiSta,-,-
Ubah,http://wiki.teamliquid.net/dota2/Ubah,-,-
UnderShock,http://wiki.teamliquid.net/dota2/UnderShock,-,-
Unicornxoxo,http://wiki.teamliquid.net/dota2/Unicornxoxo,-,-
UNiVeRsE,http://wiki.teamliquid.net/dota2/UNiVeRsE,-,-
USH,http://wiki.teamliquid.net/dota2/USH,-,-
V0ja,http://wiki.teamliquid.net/dota2/V0ja,-,-
V1lat,http://wiki.teamliquid.net/dota2/V1lat,-,-
Vaalix,http://wiki.teamliquid.net/dota2/Vaalix,-,-
VanN,http://wiki.teamliquid.net/dota2/VanN,-,-
VANSKOR,http://wiki.teamliquid.net/dota2/VANSKOR,-,-
Velo,http://wiki.teamliquid.net/dota2/Velo,-,-
Victoria,http://wiki.teamliquid.net/dota2/Victoria,-,-
Vigoss,http://wiki.teamliquid.net/dota2/Vigoss,-,-
W33,http://wiki.teamliquid.net/dota2/W33,-,-
Wagamama,http://wiki.teamliquid.net/dota2/Wagamama,-,-
Waixi,http://wiki.teamliquid.net/dota2/Waixi,-,-
Warlog,http://wiki.teamliquid.net/dota2/Warlog,-,-
Waytosexy,http://wiki.teamliquid.net/dota2/Waytosexy,-,-
Weddingcrash,http://wiki.teamliquid.net/dota2/Weddingcrash,-,-
Wejustzik,http://wiki.teamliquid.net/dota2/Wejustzik,-,-
Wenn,http://wiki.teamliquid.net/dota2/Wenn,-,-
Weppas,http://wiki.teamliquid.net/dota2/Weppas,-,-
White,http://wiki.teamliquid.net/dota2/White,-,-
WhiteBeard,http://wiki.teamliquid.net/dota2/WhiteBeard,-,-
Windx,http://wiki.teamliquid.net/dota2/Windx,-,-
WinteR,http://wiki.teamliquid.net/dota2/WinteR,-,-
WwD,http://wiki.teamliquid.net/dota2/WwD,-,-
WwieWambo,http://wiki.teamliquid.net/dota2/WwieWambo,-,-
XaKoH,http://wiki.teamliquid.net/dota2/XaKoH,-,-
XBOCT,http://wiki.teamliquid.net/dota2/XBOCT,-,-
XDD,http://wiki.teamliquid.net/dota2/XDD,-,-
Xepher,http://wiki.teamliquid.net/dota2/Xepher,-,-
XFreedom,http://wiki.teamliquid.net/dota2/XFreedom,-,-
Xiangzai,http://wiki.teamliquid.net/dota2/Xiangzai,-,-
Xiao2lei,http://wiki.teamliquid.net/dota2/Xiao2lei,-,-
Xiao8,http://wiki.teamliquid.net/dota2/Xiao8,-,-
Xiaofu,http://wiki.teamliquid.net/dota2/Xiaofu,-,-
XiaoXiao,http://wiki.teamliquid.net/dota2/XiaoXiao,-,-
XinQ,http://wiki.teamliquid.net/dota2/XinQ,-,-
Xll,http://wiki.teamliquid.net/dota2/Xll,-,-
XLucky,http://wiki.teamliquid.net/dota2/XLucky,-,-
XNova-,http://wiki.teamliquid.net/dota2/XNova-,-,-
XtiNcT,http://wiki.teamliquid.net/dota2/XtiNcT,-,-
Xtt,http://wiki.teamliquid.net/dota2/Xtt,-,-
Xuan (Yixuan Guo),http://wiki.teamliquid.net/dota2/Xuan_(Yixuan_Guo),-,-
Xxs,http://wiki.teamliquid.net/dota2/Xxs,-,-
XXSJ,http://wiki.teamliquid.net/dota2/XXSJ,-,-
Xy-,http://wiki.teamliquid.net/dota2/Xy-,-,-
Xz,http://wiki.teamliquid.net/dota2/Xz,-,-
Yabyoo,http://wiki.teamliquid.net/dota2/Yabyoo,-,-
Yaj,http://wiki.teamliquid.net/dota2/Yaj,-,-
YamateH,http://wiki.teamliquid.net/dota2/YamateH,-,-
Yang,http://wiki.teamliquid.net/dota2/Yang,-,-
Yao,http://wiki.teamliquid.net/dota2/Yao,-,-
YaphetS,http://wiki.teamliquid.net/dota2/YaphetS,-,-
YapzOr,http://wiki.teamliquid.net/dota2/YapzOr,-,-
YawaR,http://wiki.teamliquid.net/dota2/YawaR,-,-
YChen,http://wiki.teamliquid.net/dota2/YChen,-,-
Yim,http://wiki.teamliquid.net/dota2/Yim,-,-
Yin,http://wiki.teamliquid.net/dota2/Yin,-,-
Yoky-,http://wiki.teamliquid.net/dota2/Yoky-,-,-
Yol,http://wiki.teamliquid.net/dota2/Yol,-,-
Ysaera,http://wiki.teamliquid.net/dota2/Ysaera,-,-
YUI,http://wiki.teamliquid.net/dota2/YUI,-,-
Yxl,http://wiki.teamliquid.net/dota2/Yxl,-,-
YYF,http://wiki.teamliquid.net/dota2/YYF,-,-
Y`,http://wiki.teamliquid.net/dota2/Y%60,-,-
Zacky,http://wiki.teamliquid.net/dota2/Zacky,-,-
Zai,http://wiki.teamliquid.net/dota2/Zai,-,-
Zayac,http://wiki.teamliquid.net/dota2/Zayac,-,-
Zenigata,http://wiki.teamliquid.net/dota2/Zenigata,-,-
Zeroji,http://wiki.teamliquid.net/dota2/Zeroji,-,-
ZeroPerfect,http://wiki.teamliquid.net/dota2/ZeroPerfect,-,-
ZExBinGo,http://wiki.teamliquid.net/dota2/ZExBinGo,-,-
Zfreek,http://wiki.teamliquid.net/dota2/Zfreek,-,-
Zhizhizhi,http://wiki.teamliquid.net/dota2/Zhizhizhi,-,-
Zhou,http://wiki.teamliquid.net/dota2/Zhou,-,-
ZippO,http://wiki.teamliquid.net/dota2/ZippO,-,-
Zizou,http://wiki.teamliquid.net/dota2/Zizou,-,-
ZSMJ,http://wiki.teamliquid.net/dota2/ZSMJ,-,-
Ztok,http://wiki.teamliquid.net/dota2/Ztok,-,-
Zxc,http://wiki.teamliquid.net/dota2/Zxc,-,-
Zyori,http://wiki.teamliquid.net/dota2/Zyori,-,-
Zyzz,http://wiki.teamliquid.net/dota2/Zyzz,-,-
Женя,http://wiki.teamliquid.net/dota2/%D0%96%D0%B5%D0%BD%D1%8F,-,-
一方通行,http://wiki.teamliquid.net/dota2/%E4%B8%80%E6%96%B9%E9%80%9A%E8%A1%8C,-,-
冷鸟,http://wiki.teamliquid.net/dota2/%E5%86%B7%E9%B8%9F,-,-
垃圾君,http://wiki.teamliquid.net/dota2/%E5%9E%83%E5%9C%BE%E5%90%9B,-,-
小郭嘉,http://wiki.teamliquid.net/dota2/%E5%B0%8F%E9%83%AD%E5%98%89,-,-
老A,http://wiki.teamliquid.net/dota2/%E8%80%81A,-,-
荧,http://wiki.teamliquid.net/dota2/%E8%8D%A7,-,-
闷油瓶,http://wiki.teamliquid.net/dota2/%E9%97%B7%E6%B2%B9%E7%93%B6,-,-
